a,b,ra,rb,m,inl,rot_err,floor_frac,dist_true
0,13,Room_1,Room_3,E,383,1.1,0.03,0.030853933209003107
1,23,Room_1,Room_4,E,41,106.3,0.71,5.486652595366035
1,40,Room_1,Room_7,E,27,134.8,0.89,7.20833549981939
1,41,Room_1,Room_7,E,30,148.3,0.8,7.819560569823687
2,23,Room_1,Room_4,E,31,178.2,1.0,5.843044304192581
3,23,Room_1,Room_4,E,80,113.6,0.57,5.47290877306217
3,25,Room_1,Room_4,E,38,101.4,0.92,4.229598684554213
3,40,Room_1,Room_7,E,80,94.9,0.57,7.161580894280086
3,41,Room_1,Room_7,E,44,113.2,0.39,7.7757036441460885
3,49,Room_1,Room_8,E,36,171.0,0.86,6.881450700820134
4,23,Room_1,Room_4,E,93,49.3,0.74,5.429474859928947
4,25,Room_1,Room_4,E,49,152.6,0.98,4.18742701151318
4,40,Room_1,Room_7,E,77,72.1,0.78,7.118532077689214
4,41,Room_1,Room_7,E,47,107.6,0.57,7.732558943701162
5,6,Room_1,Room_1,E,32,166.7,0.09,0.4482159644051089
5,23,Room_1,Room_4,E,86,159.8,0.63,5.1119793631646955
5,40,Room_1,Room_7,E,72,111.5,0.64,6.593205445100455
5,41,Room_1,Room_7,E,69,107.5,0.61,7.21680859615821
5,54,Room_1,Room_8,E,27,158.7,0.15,6.0370452953091025
6,1,Room_1,Room_1,E,30,129.4,0.9,0.777043571281767
6,2,Room_1,Room_1,E,48,129.2,0.69,1.2394195804090415
6,7,Room_1,Room_1,E,62,38.9,0.0,0.42207561068098354
6,11,Room_1,Room_2,E,34,113.7,0.68,2.058378928409579
6,20,Room_1,Room_4,E,35,99.6,0.63,4.069384186363979
6,21,Room_1,Room_4,E,60,108.7,0.68,4.092625762613521
6,22,Room_1,Room_4,E,30,155.1,0.7,4.848470358583017
6,23,Room_1,Room_4,E,138,176.0,0.59,4.8652818041503645
6,26,Room_1,Room_4,E,32,113.0,0.84,2.5951511126691464
6,27,Room_1,Room_4,E,28,158.1,0.21,1.9118203220224572
6,30,Room_1,Room_6,E,54,49.7,0.65,6.026047940680373
6,31,Room_1,Room_6,E,101,159.2,0.67,6.179393215989519
6,32,Room_1,Room_6,E,128,170.6,0.61,6.17843034877529
6,40,Room_1,Room_7,E,125,132.8,0.6,6.478748672748765
6,41,Room_1,Room_7,E,97,179.4,0.51,7.0951272589126235
6,49,Room_1,Room_8,E,25,97.6,0.16,6.1886090737837804
6,52,Room_1,Room_8,E,74,139.4,0.55,6.807693990949972
7,6,Room_1,Room_1,E,64,39.1,0.09,0.42207561068098354
7,23,Room_1,Room_4,E,55,133.1,0.45,4.4503369598777445
7,40,Room_1,Room_7,E,25,118.4,0.24,6.06137062108671
7,41,Room_1,Room_7,E,35,137.8,0.11,6.676570759846409
8,9,Room_2,Room_2,E,132,4.5,0.03,0.46917733285913826
8,10,Room_2,Room_2,E,86,26.7,0.0,0.8004540438359173
8,23,Room_2,Room_4,E,37,113.6,0.92,3.2581753113724097
8,40,Room_2,Room_7,E,34,176.2,0.91,5.61890432308589
8,41,Room_2,Room_7,E,27,132.4,0.85,6.094931108003191
9,8,Room_2,Room_2,E,131,7.1,0.0,0.46917733285913826
9,10,Room_2,Room_2,E,439,29.7,0.01,0.34026024713265
9,11,Room_2,Room_2,E,239,53.7,0.0,0.8664619319078637
9,12,Room_2,Room_2,E,148,64.1,0.0,1.194842286074616
9,23,Room_2,Room_4,E,132,159.1,0.65,3.2079777229799373
9,40,Room_2,Room_7,E,90,127.5,0.76,5.50276550700951
9,41,Room_2,Room_7,E,72,158.3,0.74,6.009874992049737
10,8,Room_2,Room_2,E,92,28.4,0.05,0.8004540438359173
10,9,Room_2,Room_2,E,437,29.5,0.05,0.34026024713265
10,11,Room_2,Room_2,E,346,23.3,0.0,0.5548477530108328
10,12,Room_2,Room_2,E,198,33.8,0.01,0.904653602820936
10,23,Room_2,Room_4,E,190,104.6,0.76,3.3134504246707235
10,30,Room_2,Room_6,E,26,146.2,0.62,7.679764909069446
10,40,Room_2,Room_7,E,148,160.4,0.76,5.544241944909855
10,41,Room_2,Room_7,E,114,68.2,0.78,6.0720574513377485
11,9,Room_2,Room_2,E,242,56.1,0.0,0.8664619319078637
11,10,Room_2,Room_2,E,347,26.2,0.0,0.5548477530108328
11,12,Room_2,Room_2,E,397,9.7,0.01,0.35975036457975407
11,23,Room_2,Room_4,E,69,110.9,0.81,3.7593541143233393
11,40,Room_2,Room_7,E,68,39.1,0.82,5.906795570953463
11,41,Room_2,Room_7,E,39,129.9,0.77,6.456395167315434
12,10,Room_2,Room_2,E,194,33.8,0.21,0.904653602820936
12,11,Room_2,Room_2,E,399,9.0,0.2,0.35975036457975407
12,23,Room_2,Room_4,E,63,166.3,0.46,4.10538389024432
12,41,Room_2,Room_7,E,33,80.8,0.55,6.77877368492458
13,0,Room_3,Room_1,E,209,0.7,0.0,0.030853933209003107
13,41,Room_3,Room_7,E,34,89.1,0.29,6.690153025901559
14,23,Room_3,Room_4,E,37,165.4,0.86,3.7296221205436066
15,6,Room_3,Room_1,E,35,87.9,0.0,1.2614965439164616
15,16,Room_3,Room_3,E,146,22.6,0.1,0.45796380311637547
15,17,Room_3,Room_3,E,153,18.6,0.04,0.4645006914582114
15,23,Room_3,Room_4,E,48,33.6,0.1,3.626977824052007
15,41,Room_3,Room_7,E,26,71.4,0.15,5.991328910568826
16,15,Room_3,Room_3,E,168,22.5,0.1,0.45796380311637547
16,17,Room_3,Room_3,PnP,550,0.5,0.13,0.006749070179120379
16,23,Room_3,Room_4,E,92,179.8,0.83,3.5191529901547103
16,31,Room_3,Room_6,E,59,84.1,0.86,6.66089282569114
16,40,Room_3,Room_7,E,54,116.7,0.8,5.442864837768929
16,41,Room_3,Room_7,E,58,143.8,0.67,6.0273004555730445
17,15,Room_3,Room_3,E,164,22.9,0.07,0.4645006914582114
17,16,Room_3,Room_3,PnP,546,0.5,0.14,0.006749070179120379
17,30,Room_3,Room_6,E,32,102.4,0.66,6.651553828757124
17,40,Room_3,Room_7,E,86,122.1,0.69,5.445425529617018
17,41,Room_3,Room_7,E,67,77.0,0.73,6.029590111722822
19,23,Room_4,Room_4,E,98,99.1,0.73,3.3048836173627993
19,40,Room_4,Room_7,E,35,167.0,0.26,2.7526163065427403
20,23,Room_4,Room_4,E,57,157.2,0.42,2.8243014026672184
20,25,Room_4,Room_4,E,25,134.6,0.52,3.1132353435279123
20,47,Room_4,Room_8,E,28,94.1,0.29,2.1667492930113856
21,49,Room_4,Room_8,E,29,174.6,0.62,3.238984925794703
25,49,Room_4,Room_8,E,27,18.5,1.0,4.969586417800107
27,22,Room_4,Room_4,E,36,138.2,0.83,3.404697853404272
27,23,Room_4,Room_4,E,188,105.0,0.77,3.4632597196567203
27,30,Room_4,Room_6,E,60,136.8,0.93,4.977545223650948
27,40,Room_4,Room_7,E,148,91.1,0.81,4.674821992835278
27,41,Room_4,Room_7,E,76,70.7,0.72,5.300075319083068
27,47,Room_4,Room_8,E,42,108.3,1.0,4.324524850207869
27,48,Room_4,Room_8,E,26,168.4,0.88,4.2974583242761994
29,23,Room_6,Room_4,E,47,84.9,0.7,4.318164582273661
29,40,Room_6,Room_7,E,28,180.0,0.86,3.97446300144541
30,23,Room_6,Room_4,E,27,135.2,0.22,7.282810749227336
31,23,Room_6,Room_4,E,37,144.3,0.51,6.995444836831904
32,23,Room_6,Room_4,E,50,170.0,0.68,6.974282113257931
32,49,Room_6,Room_8,E,25,140.0,0.0,3.7613075624341046
33,23,Room_6,Room_4,E,132,86.2,0.83,6.423797075897571
33,30,Room_6,Room_6,E,47,136.5,0.96,0.9432462797828908
33,34,Room_6,Room_6,E,143,5.5,0.02,0.22330762884432648
33,40,Room_6,Room_7,E,108,139.9,0.94,5.77690547532676
33,41,Room_6,Room_7,E,94,106.0,0.8,6.253244158713436
33,42,Room_6,Room_7,E,27,93.6,0.96,7.299050827074684
34,23,Room_6,Room_4,E,206,87.0,0.85,6.276548745635885
34,30,Room_6,Room_6,E,39,143.0,0.9,1.0272774629120203
34,33,Room_6,Room_6,E,138,5.6,0.01,0.22330762884432648
34,35,Room_6,Room_6,E,62,54.3,0.0,0.9481471739400569
34,40,Room_6,Room_7,E,131,88.9,0.85,5.704018770352522
34,41,Room_6,Room_7,E,134,162.7,0.86,6.194830416892355
34,42,Room_6,Room_7,E,35,170.7,0.83,7.24601423596011
35,34,Room_6,Room_6,E,82,54.5,0.01,0.9481471739400569
35,36,Room_6,Room_6,E,170,14.9,0.01,0.38077186479610803
35,37,Room_6,Room_6,E,58,31.8,0.0,1.0120172462828034
35,40,Room_6,Room_7,E,59,123.9,0.36,4.998588500228828
35,49,Room_6,Room_8,E,33,128.4,0.06,2.8931309434576535
36,23,Room_6,Room_4,E,84,121.0,0.92,4.991822951580771
36,30,Room_6,Room_6,E,27,148.6,1.0,2.2942994022281074
36,31,Room_6,Room_6,E,62,164.3,0.98,2.083308894397487
36,32,Room_6,Room_6,E,62,170.4,0.98,2.067803454701345
36,35,Room_6,Room_6,E,161,15.0,0.02,0.38077186479610803
36,37,Room_6,Room_6,E,107,17.2,0.07,0.6457443136215752
36,38,Room_6,Room_6,E,56,25.0,0.02,1.2713672715445
36,40,Room_6,Room_7,E,76,56.1,0.97,4.665925030662658
36,41,Room_6,Room_7,E,44,161.1,0.75,5.211882730793393
37,22,Room_6,Room_4,E,27,169.2,1.0,4.257898974103635
37,23,Room_6,Room_4,E,93,87.0,0.98,4.384036907276739
37,35,Room_6,Room_6,E,57,31.7,0.04,1.0120172462828034
37,36,Room_6,Room_6,E,108,16.9,0.13,0.6457443136215752
37,38,Room_6,Room_6,E,93,8.5,0.11,0.6291246112739557
37,40,Room_6,Room_7,E,85,155.6,1.0,4.032199153658637
37,41,Room_6,Room_7,E,70,170.2,0.89,4.587421574494365
38,23,Room_6,Room_4,E,90,179.1,0.98,3.8496126783388744
38,35,Room_6,Room_6,E,40,39.7,0.0,1.6263644675838804
38,36,Room_6,Room_6,E,62,24.8,0.08,1.2713672715445
38,37,Room_6,Room_6,E,97,8.6,0.06,0.6291246112739557
38,40,Room_6,Room_7,E,65,146.3,0.82,3.40497864508205
38,41,Room_6,Room_7,E,37,91.4,0.81,3.9642906310933164
38,48,Room_6,Room_8,E,32,137.2,0.88,1.7533037936242544
38,49,Room_6,Room_8,E,33,171.2,0.42,1.7546020818060168
39,32,Room_7,Room_6,E,37,105.9,0.84,5.441596871557304
39,49,Room_7,Room_8,E,67,154.7,0.01,2.02316063401941
42,25,Room_7,Room_4,E,31,103.0,0.97,4.810269894544673
42,40,Room_7,Room_7,E,30,60.5,0.97,1.6509556324271832
42,49,Room_7,Room_8,E,63,112.3,0.95,3.9783476074364126
43,23,Room_7,Room_4,E,30,163.7,0.97,2.9094206864294767
44,23,Room_7,Room_4,E,57,152.9,1.0,2.8469650955507366
44,40,Room_7,Room_7,E,37,150.7,1.0,0.9505501566416478
44,41,Room_7,Room_7,E,28,156.1,1.0,0.4179044530814825
45,6,Room_7,Room_1,E,36,164.7,0.39,6.04272326960123
45,23,Room_7,Room_4,E,31,148.7,0.42,1.9619921645168643
45,36,Room_7,Room_6,E,26,164.1,0.31,4.492943151511933
45,54,Room_7,Room_8,E,31,175.5,0.52,1.8596901301216524
46,23,Room_7,Room_4,E,79,72.2,0.85,2.277322203713815
46,40,Room_7,Room_7,E,50,149.6,0.46,1.0571965745814451
46,41,Room_7,Room_7,E,25,135.5,0.72,1.6621322239540315
46,49,Room_7,Room_8,E,51,164.6,0.1,1.9399905780204425
47,23,Room_8,Room_4,E,45,70.5,0.6,3.664135453422855
47,41,Room_8,Room_7,E,32,115.5,0.69,2.3243912041861443
50,23,Room_8,Room_4,E,25,164.8,0.6,3.8052260716148525
50,51,Room_8,Room_8,E,112,4.5,0.05,0.229678742746663
50,52,Room_8,Room_8,E,64,16.4,0.03,0.6159136543396593
51,50,Room_8,Room_8,E,109,4.7,0.24,0.229678742746663
51,52,Room_8,Room_8,E,101,15.4,0.02,0.405824768812702
52,41,Room_8,Room_7,E,47,171.9,0.74,2.009447218184143
52,50,Room_8,Room_8,E,65,16.4,0.35,0.6159136543396593
52,51,Room_8,Room_8,E,93,14.5,0.55,0.405824768812702
53,1,Room_8,Room_1,E,28,179.4,1.0,6.859627342358973
53,23,Room_8,Room_4,E,55,43.9,1.0,3.443685153443174
53,30,Room_8,Room_6,E,28,87.3,1.0,5.002098446507339
53,31,Room_8,Room_6,E,33,119.5,0.97,4.513976817190017
53,32,Room_8,Room_6,E,58,82.4,0.95,4.485778967735616
53,41,Room_8,Room_7,E,31,161.6,0.97,2.2069693966346766
53,49,Room_8,Room_8,E,32,159.3,0.31,0.8092551110834364
53,52,Room_8,Room_8,E,35,164.0,1.0,0.7319675089278032
54,1,Room_8,Room_1,E,45,144.8,1.0,6.817585660462689
54,2,Room_8,Room_1,E,28,45.3,1.0,7.273109028805821
54,8,Room_8,Room_2,E,28,133.2,0.68,6.15779139797829
54,11,Room_8,Room_2,E,43,157.5,0.67,6.06740257578849
54,20,Room_8,Room_4,E,35,162.8,0.97,1.978430801403034
54,21,Room_8,Room_4,E,42,149.9,0.81,2.6533642265375326
54,22,Room_8,Room_4,E,38,107.3,0.74,3.273584516036012
54,23,Room_8,Room_4,E,116,95.4,0.9,3.4110674135276944
54,26,Room_8,Room_4,E,42,66.4,0.76,4.147387415097463
54,30,Room_8,Room_6,E,45,148.7,0.93,4.992893952580658
54,31,Room_8,Room_6,E,72,166.6,1.0,4.508116435433306
54,32,Room_8,Room_6,E,96,84.0,1.0,4.480024295191891
54,40,Room_8,Room_7,E,88,176.7,0.99,1.8031902943099665
54,41,Room_8,Room_7,E,34,117.1,0.94,2.211558178923068
54,47,Room_8,Room_8,E,25,179.9,0.96,0.2601282384362779
54,49,Room_8,Room_8,E,30,107.5,0.27,0.821855517640087
54,52,Room_8,Room_8,E,55,74.1,0.93,0.7718107829333815
