a,b,room_a,room_b,method,inliers,rot_err_deg,floor_frac_inliers,true_dist_m
Room_1__IMG_00728.jpg,Room_3__IMG_00730.jpg,Room_1,Room_3,E,383,0.59,0.029,0.031
Room_1__IMG_00814.jpg,Room_4__IMG_04252.jpg,Room_1,Room_4,E,41,119.18,0.707,5.487
Room_1__IMG_00814.jpg,Room_7__IMG_03213.jpg,Room_1,Room_7,E,27,100.12,0.889,7.208
Room_1__IMG_00814.jpg,Room_7__IMG_03266.jpg,Room_1,Room_7,E,30,125.12,0.8,7.82
Room_1__IMG_00857.jpg,Room_4__IMG_04252.jpg,Room_1,Room_4,E,31,167.0,1.0,5.843
Room_1__IMG_01005.jpg,Room_4__IMG_04252.jpg,Room_1,Room_4,E,80,153.59,0.575,5.473
Room_1__IMG_01005.jpg,Room_4__IMG_04454.jpg,Room_1,Room_4,E,38,159.42,0.921,4.23
Room_1__IMG_01005.jpg,Room_7__IMG_03213.jpg,Room_1,Room_7,E,80,101.55,0.575,7.162
Room_1__IMG_01005.jpg,Room_7__IMG_03266.jpg,Room_1,Room_7,E,44,167.24,0.386,7.776
Room_1__IMG_01005.jpg,Room_8__IMG_02682.jpg,Room_1,Room_8,E,36,153.89,0.861,6.881
Room_1__IMG_01010.jpg,Room_4__IMG_04252.jpg,Room_1,Room_4,E,93,91.93,0.742,5.429
Room_1__IMG_01010.jpg,Room_4__IMG_04454.jpg,Room_1,Room_4,E,49,86.38,0.98,4.187
Room_1__IMG_01010.jpg,Room_7__IMG_03213.jpg,Room_1,Room_7,E,77,61.87,0.779,7.119
Room_1__IMG_01010.jpg,Room_7__IMG_03266.jpg,Room_1,Room_7,E,47,160.81,0.574,7.733
Room_1__IMG_01114.jpg,Room_1__IMG_01196.jpg,Room_1,Room_1,E,32,76.26,0.094,0.448
Room_1__IMG_01114.jpg,Room_4__IMG_04252.jpg,Room_1,Room_4,E,86,76.14,0.628,5.112
Room_1__IMG_01114.jpg,Room_7__IMG_03213.jpg,Room_1,Room_7,E,72,143.45,0.639,6.593
Room_1__IMG_01114.jpg,Room_7__IMG_03266.jpg,Room_1,Room_7,E,69,176.55,0.609,7.217
Room_1__IMG_01114.jpg,Room_8__IMG_02991.jpg,Room_1,Room_8,E,27,52.07,0.148,6.037
Room_1__IMG_01196.jpg,Room_1__IMG_00814.jpg,Room_1,Room_1,E,30,174.39,0.9,0.777
Room_1__IMG_01196.jpg,Room_1__IMG_00857.jpg,Room_1,Room_1,E,48,123.65,0.688,1.239
Room_1__IMG_01196.jpg,Room_1__IMG_01256.jpg,Room_1,Room_1,E,62,0.6,0.0,0.422
Room_1__IMG_01196.jpg,Room_2__IMG_00361.jpg,Room_1,Room_2,E,34,107.96,0.676,2.058
Room_1__IMG_01196.jpg,Room_4__IMG_03979.jpg,Room_1,Room_4,E,35,173.99,0.629,4.069
Room_1__IMG_01196.jpg,Room_4__IMG_04114.jpg,Room_1,Room_4,E,60,90.83,0.683,4.093
Room_1__IMG_01196.jpg,Room_4__IMG_04234.jpg,Room_1,Room_4,E,30,156.23,0.7,4.848
Room_1__IMG_01196.jpg,Room_4__IMG_04252.jpg,Room_1,Room_4,E,138,174.84,0.587,4.865
Room_1__IMG_01196.jpg,Room_4__IMG_04586.jpg,Room_1,Room_4,E,32,162.04,0.844,2.595
Room_1__IMG_01196.jpg,Room_4__IMG_04723.jpg,Room_1,Room_4,E,28,164.35,0.214,1.912
Room_1__IMG_01196.jpg,Room_6__IMG_01876.jpg,Room_1,Room_6,E,54,111.63,0.648,6.026
Room_1__IMG_01196.jpg,Room_6__IMG_01944.jpg,Room_1,Room_6,E,101,133.2,0.673,6.179
Room_1__IMG_01196.jpg,Room_6__IMG_01948.jpg,Room_1,Room_6,E,128,179.54,0.609,6.178
Room_1__IMG_01196.jpg,Room_7__IMG_03213.jpg,Room_1,Room_7,E,125,156.27,0.6,6.479
Room_1__IMG_01196.jpg,Room_7__IMG_03266.jpg,Room_1,Room_7,E,97,172.14,0.505,7.095
Room_1__IMG_01196.jpg,Room_8__IMG_02682.jpg,Room_1,Room_8,E,25,150.65,0.16,6.189
Room_1__IMG_01196.jpg,Room_8__IMG_02921.jpg,Room_1,Room_8,E,74,149.37,0.554,6.808
Room_1__IMG_01256.jpg,Room_1__IMG_01196.jpg,Room_1,Room_1,E,64,0.86,0.094,0.422
Room_1__IMG_01256.jpg,Room_4__IMG_04252.jpg,Room_1,Room_4,E,55,174.63,0.455,4.45
Room_1__IMG_01256.jpg,Room_7__IMG_03213.jpg,Room_1,Room_7,E,25,154.06,0.24,6.061
Room_1__IMG_01256.jpg,Room_7__IMG_03266.jpg,Room_1,Room_7,E,35,149.71,0.114,6.677
Room_2__IMG_00211.jpg,Room_2__IMG_00270.jpg,Room_2,Room_2,E,132,1.27,0.03,0.469
Room_2__IMG_00211.jpg,Room_2__IMG_00310.jpg,Room_2,Room_2,E,86,2.34,0.0,0.8
Room_2__IMG_00211.jpg,Room_4__IMG_04252.jpg,Room_2,Room_4,E,37,111.15,0.919,3.258
Room_2__IMG_00211.jpg,Room_7__IMG_03213.jpg,Room_2,Room_7,E,34,148.61,0.912,5.619
Room_2__IMG_00211.jpg,Room_7__IMG_03266.jpg,Room_2,Room_7,E,27,131.86,0.852,6.095
Room_2__IMG_00270.jpg,Room_2__IMG_00211.jpg,Room_2,Room_2,E,131,4.7,0.0,0.469
Room_2__IMG_00270.jpg,Room_2__IMG_00310.jpg,Room_2,Room_2,E,439,0.85,0.007,0.34
Room_2__IMG_00270.jpg,Room_2__IMG_00361.jpg,Room_2,Room_2,E,239,6.43,0.0,0.866
Room_2__IMG_00270.jpg,Room_2__IMG_00405.jpg,Room_2,Room_2,E,148,2.56,0.0,1.195
Room_2__IMG_00270.jpg,Room_4__IMG_04252.jpg,Room_2,Room_4,E,132,139.31,0.652,3.208
Room_2__IMG_00270.jpg,Room_7__IMG_03213.jpg,Room_2,Room_7,E,90,169.29,0.756,5.503
Room_2__IMG_00270.jpg,Room_7__IMG_03266.jpg,Room_2,Room_7,E,72,162.47,0.736,6.01
Room_2__IMG_00310.jpg,Room_2__IMG_00211.jpg,Room_2,Room_2,E,92,2.34,0.054,0.8
Room_2__IMG_00310.jpg,Room_2__IMG_00270.jpg,Room_2,Room_2,E,437,1.95,0.048,0.34
Room_2__IMG_00310.jpg,Room_2__IMG_00361.jpg,Room_2,Room_2,E,346,8.34,0.003,0.555
Room_2__IMG_00310.jpg,Room_2__IMG_00405.jpg,Room_2,Room_2,E,198,3.3,0.005,0.905
Room_2__IMG_00310.jpg,Room_4__IMG_04252.jpg,Room_2,Room_4,E,190,132.24,0.763,3.313
Room_2__IMG_00310.jpg,Room_6__IMG_01876.jpg,Room_2,Room_6,E,26,121.89,0.615,7.68
Room_2__IMG_00310.jpg,Room_7__IMG_03213.jpg,Room_2,Room_7,E,148,163.77,0.764,5.544
Room_2__IMG_00310.jpg,Room_7__IMG_03266.jpg,Room_2,Room_7,E,114,164.98,0.781,6.072
Room_2__IMG_00361.jpg,Room_2__IMG_00270.jpg,Room_2,Room_2,E,242,4.42,0.0,0.866
Room_2__IMG_00361.jpg,Room_2__IMG_00310.jpg,Room_2,Room_2,E,347,3.86,0.003,0.555
Room_2__IMG_00361.jpg,Room_2__IMG_00405.jpg,Room_2,Room_2,E,397,1.33,0.008,0.36
Room_2__IMG_00361.jpg,Room_4__IMG_04252.jpg,Room_2,Room_4,E,69,87.08,0.812,3.759
Room_2__IMG_00361.jpg,Room_7__IMG_03213.jpg,Room_2,Room_7,E,68,162.99,0.824,5.907
Room_2__IMG_00361.jpg,Room_7__IMG_03266.jpg,Room_2,Room_7,E,39,116.2,0.769,6.456
Room_2__IMG_00405.jpg,Room_2__IMG_00310.jpg,Room_2,Room_2,E,194,2.57,0.211,0.905
Room_2__IMG_00405.jpg,Room_2__IMG_00361.jpg,Room_2,Room_2,E,399,4.68,0.195,0.36
Room_2__IMG_00405.jpg,Room_4__IMG_04252.jpg,Room_2,Room_4,E,63,162.56,0.46,4.105
Room_2__IMG_00405.jpg,Room_7__IMG_03266.jpg,Room_2,Room_7,E,33,166.9,0.545,6.779
Room_3__IMG_00730.jpg,Room_1__IMG_00728.jpg,Room_3,Room_1,E,209,0.39,0.0,0.031
Room_3__IMG_00730.jpg,Room_7__IMG_03266.jpg,Room_3,Room_7,E,34,132.81,0.294,6.69
Room_3__IMG_04841.jpg,Room_4__IMG_04252.jpg,Room_3,Room_4,E,37,172.05,0.865,3.73
Room_3__IMG_04896.jpg,Room_1__IMG_01196.jpg,Room_3,Room_1,E,35,135.9,0.0,1.261
Room_3__IMG_04896.jpg,Room_3__IMG_04939.jpg,Room_3,Room_3,E,146,1.95,0.103,0.458
Room_3__IMG_04896.jpg,Room_3__IMG_04940.jpg,Room_3,Room_3,E,153,4.1,0.039,0.465
Room_3__IMG_04896.jpg,Room_4__IMG_04252.jpg,Room_3,Room_4,E,48,25.22,0.104,3.627
Room_3__IMG_04896.jpg,Room_7__IMG_03266.jpg,Room_3,Room_7,E,26,70.74,0.154,5.991
Room_3__IMG_04939.jpg,Room_3__IMG_04896.jpg,Room_3,Room_3,E,168,1.95,0.101,0.458
Room_3__IMG_04939.jpg,Room_3__IMG_04940.jpg,Room_3,Room_3,PnP,550,0.24,0.133,0.007
Room_3__IMG_04939.jpg,Room_4__IMG_04252.jpg,Room_3,Room_4,E,92,160.54,0.826,3.519
Room_3__IMG_04939.jpg,Room_6__IMG_01944.jpg,Room_3,Room_6,E,59,55.22,0.864,6.661
Room_3__IMG_04939.jpg,Room_7__IMG_03213.jpg,Room_3,Room_7,E,54,123.72,0.796,5.443
Room_3__IMG_04939.jpg,Room_7__IMG_03266.jpg,Room_3,Room_7,E,58,174.22,0.672,6.027
Room_3__IMG_04940.jpg,Room_3__IMG_04896.jpg,Room_3,Room_3,E,164,1.35,0.067,0.465
Room_3__IMG_04940.jpg,Room_3__IMG_04939.jpg,Room_3,Room_3,PnP,546,0.27,0.136,0.007
Room_3__IMG_04940.jpg,Room_6__IMG_01876.jpg,Room_3,Room_6,E,32,136.61,0.656,6.652
Room_3__IMG_04940.jpg,Room_7__IMG_03213.jpg,Room_3,Room_7,E,86,155.06,0.686,5.445
Room_3__IMG_04940.jpg,Room_7__IMG_03266.jpg,Room_3,Room_7,E,67,101.95,0.731,6.03
Room_4__IMG_03880.jpg,Room_4__IMG_04252.jpg,Room_4,Room_4,E,98,164.32,0.735,3.305
Room_4__IMG_03880.jpg,Room_7__IMG_03213.jpg,Room_4,Room_7,E,35,142.22,0.257,2.753
Room_4__IMG_03979.jpg,Room_4__IMG_04252.jpg,Room_4,Room_4,E,57,163.02,0.421,2.824
Room_4__IMG_03979.jpg,Room_4__IMG_04454.jpg,Room_4,Room_4,E,25,87.23,0.52,3.113
Room_4__IMG_03979.jpg,Room_8__IMG_02609.jpg,Room_4,Room_8,E,28,157.32,0.286,2.167
Room_4__IMG_04114.jpg,Room_8__IMG_02682.jpg,Room_4,Room_8,E,29,40.14,0.621,3.239
Room_4__IMG_04454.jpg,Room_8__IMG_02682.jpg,Room_4,Room_8,E,27,38.71,1.0,4.97
Room_4__IMG_04723.jpg,Room_4__IMG_04234.jpg,Room_4,Room_4,E,36,75.46,0.833,3.405
Room_4__IMG_04723.jpg,Room_4__IMG_04252.jpg,Room_4,Room_4,E,188,126.97,0.766,3.463
Room_4__IMG_04723.jpg,Room_6__IMG_01876.jpg,Room_4,Room_6,E,60,53.17,0.933,4.978
Room_4__IMG_04723.jpg,Room_7__IMG_03213.jpg,Room_4,Room_7,E,148,77.63,0.811,4.675
Room_4__IMG_04723.jpg,Room_7__IMG_03266.jpg,Room_4,Room_7,E,76,148.23,0.724,5.3
Room_4__IMG_04723.jpg,Room_8__IMG_02609.jpg,Room_4,Room_8,E,42,68.41,1.0,4.325
Room_4__IMG_04723.jpg,Room_8__IMG_02681.jpg,Room_4,Room_8,E,26,177.22,0.885,4.297
Room_6__IMG_01636.jpg,Room_4__IMG_04252.jpg,Room_6,Room_4,E,47,137.35,0.702,4.318
Room_6__IMG_01636.jpg,Room_7__IMG_03213.jpg,Room_6,Room_7,E,28,99.76,0.857,3.974
Room_6__IMG_01876.jpg,Room_4__IMG_04252.jpg,Room_6,Room_4,E,27,151.71,0.222,7.283
Room_6__IMG_01944.jpg,Room_4__IMG_04252.jpg,Room_6,Room_4,E,37,166.38,0.514,6.995
Room_6__IMG_01948.jpg,Room_4__IMG_04252.jpg,Room_6,Room_4,E,50,106.72,0.68,6.974
Room_6__IMG_01948.jpg,Room_8__IMG_02682.jpg,Room_6,Room_8,E,25,124.89,0.0,3.761
Room_6__IMG_02054.jpg,Room_4__IMG_04252.jpg,Room_6,Room_4,E,132,129.73,0.826,6.424
Room_6__IMG_02054.jpg,Room_6__IMG_01876.jpg,Room_6,Room_6,E,47,62.0,0.957,0.943
Room_6__IMG_02054.jpg,Room_6__IMG_02081.jpg,Room_6,Room_6,E,143,0.4,0.021,0.223
Room_6__IMG_02054.jpg,Room_7__IMG_03213.jpg,Room_6,Room_7,E,108,110.25,0.935,5.777
Room_6__IMG_02054.jpg,Room_7__IMG_03266.jpg,Room_6,Room_7,E,94,171.9,0.798,6.253
Room_6__IMG_02054.jpg,Room_7__IMG_03361.jpg,Room_6,Room_7,E,27,167.43,0.963,7.299
Room_6__IMG_02081.jpg,Room_4__IMG_04252.jpg,Room_6,Room_4,E,206,64.0,0.854,6.277
Room_6__IMG_02081.jpg,Room_6__IMG_01876.jpg,Room_6,Room_6,E,39,123.4,0.897,1.027
Room_6__IMG_02081.jpg,Room_6__IMG_02054.jpg,Room_6,Room_6,E,138,1.07,0.007,0.223
Room_6__IMG_02081.jpg,Room_6__IMG_02167.jpg,Room_6,Room_6,E,62,0.71,0.0,0.948
Room_6__IMG_02081.jpg,Room_7__IMG_03213.jpg,Room_6,Room_7,E,131,101.44,0.847,5.704
Room_6__IMG_02081.jpg,Room_7__IMG_03266.jpg,Room_6,Room_7,E,134,99.89,0.858,6.195
Room_6__IMG_02081.jpg,Room_7__IMG_03361.jpg,Room_6,Room_7,E,35,142.92,0.829,7.246
Room_6__IMG_02167.jpg,Room_6__IMG_02081.jpg,Room_6,Room_6,E,82,0.62,0.012,0.948
Room_6__IMG_02167.jpg,Room_6__IMG_02204.jpg,Room_6,Room_6,E,170,0.5,0.012,0.381
Room_6__IMG_02167.jpg,Room_6__IMG_02269.jpg,Room_6,Room_6,E,58,0.48,0.0,1.012
Room_6__IMG_02167.jpg,Room_7__IMG_03213.jpg,Room_6,Room_7,E,59,92.83,0.356,4.999
Room_6__IMG_02167.jpg,Room_8__IMG_02682.jpg,Room_6,Room_8,E,33,174.49,0.061,2.893
Room_6__IMG_02204.jpg,Room_4__IMG_04252.jpg,Room_6,Room_4,E,84,124.56,0.917,4.992
Room_6__IMG_02204.jpg,Room_6__IMG_01876.jpg,Room_6,Room_6,E,27,99.96,1.0,2.294
Room_6__IMG_02204.jpg,Room_6__IMG_01944.jpg,Room_6,Room_6,E,62,123.8,0.984,2.083
Room_6__IMG_02204.jpg,Room_6__IMG_01948.jpg,Room_6,Room_6,E,62,120.47,0.984,2.068
Room_6__IMG_02204.jpg,Room_6__IMG_02167.jpg,Room_6,Room_6,E,161,0.38,0.025,0.381
Room_6__IMG_02204.jpg,Room_6__IMG_02269.jpg,Room_6,Room_6,E,107,0.28,0.065,0.646
Room_6__IMG_02204.jpg,Room_6__IMG_02341.jpg,Room_6,Room_6,E,56,0.74,0.018,1.271
Room_6__IMG_02204.jpg,Room_7__IMG_03213.jpg,Room_6,Room_7,E,76,94.3,0.974,4.666
Room_6__IMG_02204.jpg,Room_7__IMG_03266.jpg,Room_6,Room_7,E,44,175.88,0.75,5.212
Room_6__IMG_02269.jpg,Room_4__IMG_04234.jpg,Room_6,Room_4,E,27,152.27,1.0,4.258
Room_6__IMG_02269.jpg,Room_4__IMG_04252.jpg,Room_6,Room_4,E,93,87.15,0.978,4.384
Room_6__IMG_02269.jpg,Room_6__IMG_02167.jpg,Room_6,Room_6,E,57,0.37,0.035,1.012
Room_6__IMG_02269.jpg,Room_6__IMG_02204.jpg,Room_6,Room_6,E,108,0.15,0.13,0.646
Room_6__IMG_02269.jpg,Room_6__IMG_02341.jpg,Room_6,Room_6,E,93,1.37,0.108,0.629
Room_6__IMG_02269.jpg,Room_7__IMG_03213.jpg,Room_6,Room_7,E,85,129.82,1.0,4.032
Room_6__IMG_02269.jpg,Room_7__IMG_03266.jpg,Room_6,Room_7,E,70,173.2,0.886,4.587
Room_6__IMG_02341.jpg,Room_4__IMG_04252.jpg,Room_6,Room_4,E,90,174.27,0.978,3.85
Room_6__IMG_02341.jpg,Room_6__IMG_02167.jpg,Room_6,Room_6,E,40,1.67,0.0,1.626
Room_6__IMG_02341.jpg,Room_6__IMG_02204.jpg,Room_6,Room_6,E,62,1.25,0.081,1.271
Room_6__IMG_02341.jpg,Room_6__IMG_02269.jpg,Room_6,Room_6,E,97,0.9,0.062,0.629
Room_6__IMG_02341.jpg,Room_7__IMG_03213.jpg,Room_6,Room_7,E,65,143.0,0.815,3.405
Room_6__IMG_02341.jpg,Room_7__IMG_03266.jpg,Room_6,Room_7,E,37,43.13,0.811,3.964
Room_6__IMG_02341.jpg,Room_8__IMG_02681.jpg,Room_6,Room_8,E,32,71.01,0.875,1.753
Room_6__IMG_02341.jpg,Room_8__IMG_02682.jpg,Room_6,Room_8,E,33,124.71,0.424,1.755
Room_7__IMG_03100.jpg,Room_6__IMG_01948.jpg,Room_7,Room_6,E,37,122.71,0.838,5.442
Room_7__IMG_03100.jpg,Room_8__IMG_02682.jpg,Room_7,Room_8,E,67,161.86,0.015,2.023
Room_7__IMG_03361.jpg,Room_4__IMG_04454.jpg,Room_7,Room_4,E,31,110.48,0.968,4.81
Room_7__IMG_03361.jpg,Room_7__IMG_03213.jpg,Room_7,Room_7,E,30,141.74,0.967,1.651
Room_7__IMG_03361.jpg,Room_8__IMG_02682.jpg,Room_7,Room_8,E,63,95.97,0.952,3.978
Room_7__IMG_03492.jpg,Room_4__IMG_04252.jpg,Room_7,Room_4,E,30,125.33,0.967,2.909
Room_7__IMG_03523.jpg,Room_4__IMG_04252.jpg,Room_7,Room_4,E,57,92.58,1.0,2.847
Room_7__IMG_03523.jpg,Room_7__IMG_03213.jpg,Room_7,Room_7,E,37,167.93,1.0,0.951
Room_7__IMG_03523.jpg,Room_7__IMG_03266.jpg,Room_7,Room_7,E,28,105.53,1.0,0.418
Room_7__IMG_03634.jpg,Room_1__IMG_01196.jpg,Room_7,Room_1,E,36,71.31,0.389,6.043
Room_7__IMG_03634.jpg,Room_4__IMG_04252.jpg,Room_7,Room_4,E,31,93.89,0.419,1.962
Room_7__IMG_03634.jpg,Room_6__IMG_02204.jpg,Room_7,Room_6,E,26,105.86,0.308,4.493
Room_7__IMG_03634.jpg,Room_8__IMG_02991.jpg,Room_7,Room_8,E,31,156.78,0.516,1.86
Room_7__IMG_03720.jpg,Room_4__IMG_04252.jpg,Room_7,Room_4,E,79,164.69,0.848,2.277
Room_7__IMG_03720.jpg,Room_7__IMG_03213.jpg,Room_7,Room_7,E,50,105.06,0.46,1.057
Room_7__IMG_03720.jpg,Room_7__IMG_03266.jpg,Room_7,Room_7,E,25,159.37,0.72,1.662
Room_7__IMG_03720.jpg,Room_8__IMG_02682.jpg,Room_7,Room_8,E,51,166.4,0.098,1.94
Room_8__IMG_02609.jpg,Room_4__IMG_04252.jpg,Room_8,Room_4,E,45,149.93,0.6,3.664
Room_8__IMG_02609.jpg,Room_7__IMG_03266.jpg,Room_8,Room_7,E,32,143.34,0.688,2.324
Room_8__IMG_02800.jpg,Room_4__IMG_04252.jpg,Room_8,Room_4,E,25,154.58,0.6,3.805
Room_8__IMG_02800.jpg,Room_8__IMG_02837.jpg,Room_8,Room_8,E,112,0.44,0.054,0.23
Room_8__IMG_02800.jpg,Room_8__IMG_02921.jpg,Room_8,Room_8,E,64,0.89,0.031,0.616
Room_8__IMG_02837.jpg,Room_8__IMG_02800.jpg,Room_8,Room_8,E,109,0.52,0.239,0.23
Room_8__IMG_02837.jpg,Room_8__IMG_02921.jpg,Room_8,Room_8,E,101,1.75,0.02,0.406
Room_8__IMG_02921.jpg,Room_7__IMG_03266.jpg,Room_8,Room_7,E,47,177.92,0.745,2.009
Room_8__IMG_02921.jpg,Room_8__IMG_02800.jpg,Room_8,Room_8,E,65,1.86,0.354,0.616
Room_8__IMG_02921.jpg,Room_8__IMG_02837.jpg,Room_8,Room_8,E,93,0.75,0.548,0.406
Room_8__IMG_02986.jpg,Room_1__IMG_00814.jpg,Room_8,Room_1,E,28,147.77,1.0,6.86
Room_8__IMG_02986.jpg,Room_4__IMG_04252.jpg,Room_8,Room_4,E,55,119.0,1.0,3.444
Room_8__IMG_02986.jpg,Room_6__IMG_01876.jpg,Room_8,Room_6,E,28,162.76,1.0,5.002
Room_8__IMG_02986.jpg,Room_6__IMG_01944.jpg,Room_8,Room_6,E,33,166.85,0.97,4.514
Room_8__IMG_02986.jpg,Room_6__IMG_01948.jpg,Room_8,Room_6,E,58,154.67,0.948,4.486
Room_8__IMG_02986.jpg,Room_7__IMG_03266.jpg,Room_8,Room_7,E,31,115.66,0.968,2.207
Room_8__IMG_02986.jpg,Room_8__IMG_02682.jpg,Room_8,Room_8,E,32,175.65,0.312,0.809
Room_8__IMG_02986.jpg,Room_8__IMG_02921.jpg,Room_8,Room_8,E,35,116.13,1.0,0.732
Room_8__IMG_02991.jpg,Room_1__IMG_00814.jpg,Room_8,Room_1,E,45,168.95,1.0,6.818
Room_8__IMG_02991.jpg,Room_1__IMG_00857.jpg,Room_8,Room_1,E,28,27.55,1.0,7.273
Room_8__IMG_02991.jpg,Room_2__IMG_00211.jpg,Room_8,Room_2,E,28,170.26,0.679,6.158
Room_8__IMG_02991.jpg,Room_2__IMG_00361.jpg,Room_8,Room_2,E,43,173.3,0.674,6.067
Room_8__IMG_02991.jpg,Room_4__IMG_03979.jpg,Room_8,Room_4,E,35,161.3,0.971,1.978
Room_8__IMG_02991.jpg,Room_4__IMG_04114.jpg,Room_8,Room_4,E,42,135.22,0.81,2.653
Room_8__IMG_02991.jpg,Room_4__IMG_04234.jpg,Room_8,Room_4,E,38,134.93,0.737,3.274
Room_8__IMG_02991.jpg,Room_4__IMG_04252.jpg,Room_8,Room_4,E,116,144.81,0.897,3.411
Room_8__IMG_02991.jpg,Room_4__IMG_04586.jpg,Room_8,Room_4,E,42,172.38,0.762,4.147
Room_8__IMG_02991.jpg,Room_6__IMG_01876.jpg,Room_8,Room_6,E,45,48.12,0.933,4.993
Room_8__IMG_02991.jpg,Room_6__IMG_01944.jpg,Room_8,Room_6,E,72,168.71,1.0,4.508
Room_8__IMG_02991.jpg,Room_6__IMG_01948.jpg,Room_8,Room_6,E,96,171.53,1.0,4.48
Room_8__IMG_02991.jpg,Room_7__IMG_03213.jpg,Room_8,Room_7,E,88,120.89,0.989,1.803
Room_8__IMG_02991.jpg,Room_7__IMG_03266.jpg,Room_8,Room_7,E,34,122.63,0.941,2.212
Room_8__IMG_02991.jpg,Room_8__IMG_02609.jpg,Room_8,Room_8,E,25,109.7,0.96,0.26
Room_8__IMG_02991.jpg,Room_8__IMG_02682.jpg,Room_8,Room_8,E,30,101.73,0.267,0.822
Room_8__IMG_02991.jpg,Room_8__IMG_02921.jpg,Room_8,Room_8,E,55,147.82,0.927,0.772
